{"train/loss": 0.9226, "train/learning_rate": 0.0, "train/epoch": 1.0, "train/global_step": 780, "_timestamp": 1687712409.2167242, "_runtime": 35335.567877054214, "_step": 42, "eval/loss": 0.9270623326301575, "eval/runtime": 321.8847, "eval/samples_per_second": 6.213, "eval/steps_per_second": 0.196, "train/train_runtime": 35340.4802, "train/train_samples_per_second": 1.413, "train/train_steps_per_second": 0.022, "train/total_flos": 1.0160078696585626e+18, "train/train_loss": 0.9897498057438777, "_wandb": {"runtime": 35334}}