{"train/loss": 0.9246, "train/learning_rate": 0.0, "train/epoch": 1.0, "train/global_step": 780, "_timestamp": 1686385605.4609697, "_runtime": 32684.011023759842, "_step": 42, "eval/loss": 0.9310324788093567, "eval/runtime": 277.9201, "eval/samples_per_second": 7.196, "eval/steps_per_second": 0.227, "train/train_runtime": 32687.1923, "train/train_samples_per_second": 1.528, "train/train_steps_per_second": 0.024, "train/total_flos": 1.0160078696585626e+18, "train/train_loss": 0.9900935417566544, "_wandb": {"runtime": 32683}}