{"train/loss": 0.9336, "train/learning_rate": 0.0, "train/epoch": 1.0, "train/global_step": 780, "_timestamp": 1687573619.3739958, "_runtime": 32753.167429685593, "_step": 42, "eval/loss": 0.9332591891288757, "eval/runtime": 277.716, "eval/samples_per_second": 7.202, "eval/steps_per_second": 0.227, "train/train_runtime": 32756.3979, "train/train_samples_per_second": 1.525, "train/train_steps_per_second": 0.024, "train/total_flos": 1.0160078696585626e+18, "train/train_loss": 0.9889093839205229, "_wandb": {"runtime": 32752}}